filename,width,height,class,xmin,ymin,xmax,ymax
Bacterial_Leaf_Blight_13.jpg,810,1080,Bacterial Leaf Blight,290,1,663,641
Bacterial_Leaf_Blight_14.jpg,810,1080,Bacterial Leaf Blight,381,320,493,974
Bacterial_Leaf_Blight_14.jpg,810,1080,Paddy Stemborer,1,372,335,748
Bacterial_Leaf_Blight_15.jpg,810,1080,Bacterial Leaf Blight,419,76,517,840
Bacterial_Leaf_Blight_15.jpg,810,1080,Paddy Stemborer,1,117,376,701
Bacterial_Leaf_Blight_17.jpg,540,720,Bacterial Leaf Blight,106,1,256,278
Bacterial_Leaf_Blight_17.jpg,540,720,Bacterial Leaf Blight,329,403,465,649
Bacterial_Leaf_Blight_17.jpg,540,720,Bacterial Leaf Blight,88,237,265,447
Bacterial_Leaf_Blight_18.jpg,1080,810,Bacterial Leaf Blight,296,201,1080,491
Bacterial_Leaf_Blight_18.jpg,1080,810,Bacterial Leaf Blight,248,474,1080,552
Bacterial_Leaf_Blight_19.jpg,540,720,Bacterial Leaf Blight,367,186,475,306
Bacterial_Leaf_Blight_19.jpg,540,720,Bacterial Leaf Blight,267,264,303,343
Bacterial_Leaf_Blight_19.jpg,540,720,Bacterial Leaf Blight,6,275,159,393
Bacterial_Leaf_Blight_19.jpg,540,720,Bacterial Leaf Blight,357,405,504,433
Bacterial_Leaf_Blight_19.jpg,540,720,Bacterial Leaf Blight,314,118,358,334
Bacterial_Leaf_Blight_2.jpg,540,720,Bacterial Leaf Blight,171,116,319,512
Bacterial_Leaf_Blight_2.jpg,540,720,Bacterial Leaf Blight,112,350,277,571
Bacterial_Leaf_Blight_20.jpg,540,720,Bacterial Leaf Blight,238,269,338,412
Bacterial_Leaf_Blight_20.jpg,540,720,Bacterial Leaf Blight,1,460,140,534
Bacterial_Leaf_Blight_20.jpg,540,720,Bacterial Leaf Blight,36,367,154,434
Bacterial_Leaf_Blight_20.jpg,540,720,Bacterial Leaf Blight,456,425,540,478
Bacterial_Leaf_Blight_21.jpg,4160,3120,Bacterial Leaf Blight,1,1579,1929,2864
Bacterial_Leaf_Blight_21.jpg,4160,3120,Bacterial Leaf Blight,2577,1,2846,2421
Bacterial_Leaf_Blight_21.jpg,4160,3120,Bacterial Leaf Blight,3591,78,3986,1773
Bacterial_Leaf_Blight_21.jpg,4160,3120,Bacterial Leaf Blight,1263,807,1534,1635
Bacterial_Leaf_Blight_22.jpg,4160,3120,Bacterial Leaf Blight,2786,307,4158,850
Bacterial_Leaf_Blight_22.jpg,4160,3120,Bacterial Leaf Blight,139,1169,1782,2416
Bacterial_Leaf_Blight_22.jpg,4160,3120,Bacterial Leaf Blight,2372,154,2672,2068
Bacterial_Leaf_Blight_22.jpg,4160,3120,Bacterial Leaf Blight,1,83,2291,809
Bacterial_Leaf_Blight_23.jpg,4160,3120,Bacterial Leaf Blight,725,1,1042,2793
Bacterial_Leaf_Blight_23.jpg,4160,3120,Bacterial Leaf Blight,34,693,767,2373
Bacterial_Leaf_Blight_24.jpg,3120,4160,Bacterial Leaf Blight,817,1513,3120,2440
Bacterial_Leaf_Blight_3.jpg,2304,4096,Bacterial Leaf Blight,417,1348,2136,3292
Bacterial_Leaf_Blight_3.jpg,2304,4096,Bacterial Leaf Blight,986,1,2169,1729
Bacterial_Leaf_Blight_3.jpg,2304,4096,Bacterial Leaf Blight,1,279,1136,779
Bacterial_Leaf_Blight_4.jpg,2304,4096,Bacterial Leaf Blight,798,467,1617,2748
Bacterial_Leaf_Blight_4.jpg,2304,4096,Bacterial Leaf Blight,71,511,602,1584
Bacterial_Leaf_Blight_4.jpg,2304,4096,Bacterial Leaf Blight,1533,1237,1767,2261
Bacterial_Leaf_Blight_4.jpg,2304,4096,Bacterial Leaf Blight,244,1207,1617,2041
Bacterial_Leaf_Blight_5.jpg,2304,4096,Bacterial Leaf Blight,604,1685,2111,3342
Bacterial_Leaf_Blight_5.jpg,2304,4096,Bacterial Leaf Blight,1304,1901,2304,3035
Bacterial_Leaf_Blight_5.jpg,2304,4096,Bacterial Leaf Blight,1192,10,1667,1073
Bacterial_Leaf_Blight_5.jpg,2304,4096,Bacterial Leaf Blight,604,1,1247,567
Bacterial_Leaf_Blight_5.jpg,2304,4096,Bacterial Leaf Blight,1,1102,979,1535
Bacterial_Leaf_Blight_6.jpg,2304,4096,Bacterial Leaf Blight,1117,1760,1523,2792
Bacterial_Leaf_Blight_6.jpg,2304,4096,Bacterial Leaf Blight,467,1948,817,2835
Bacterial_Leaf_Blight_6.jpg,2304,4096,Bacterial Leaf Blight,1479,917,2242,2148
Bacterial_Leaf_Blight_6.jpg,2304,4096,Bacterial Leaf Blight,898,485,1311,923
Bacterial_Leaf_Blight_6.jpg,2304,4096,Bacterial Leaf Blight,1206,1,2098,704
Bacterial_Leaf_Blight_7.jpg,810,1080,Bacterial Leaf Blight,2,338,750,794
Bacterial_Leaf_Blight_8.jpg,810,1080,Bacterial Leaf Blight,342,261,648,758
blast-10.jpg,300,300,Blast,114,161,141,229
blast-10.jpg,300,300,Blast,139,152,171,215
blast-10.jpg,300,300,Blast,117,121,142,155
blast-10.jpg,300,300,Blast,132,31,169,139
blast-11.jpg,300,300,Blast,130,185,168,230
blast-11.jpg,300,300,Blast,114,73,154,158
blast-11.jpg,300,300,Blast,120,41,143,66
blast-12.jpg,300,300,Blast,90,96,188,225
blast-13.jpg,300,300,Blast,72,194,138,289
blast-13.jpg,300,300,Blast,75,12,162,190
blast-14.jpg,300,300,Blast,125,172,177,252
blast-14.jpg,300,300,Blast,140,97,207,198
blast-15.jpg,300,300,Blast,74,96,231,219
blast-16.jpg,300,300,Blast,24,88,119,197
blast-17.png,300,300,Blast,64,113,186,182
blast-4.jpg,640,853,Blast,271,491,370,677
blast-4.jpg,640,853,Blast,284,182,358,318
blast-5.jpg,640,425,Blast,148,228,241,292
blast-5.jpg,640,425,Blast,78,334,113,365
blast-5.jpg,640,425,Blast,300,110,418,174
blast-5.jpg,640,425,Blast,424,78,477,106
blast-5.jpg,640,425,Blast,489,12,550,59
blast-5.jpg,640,425,Blast,174,317,266,359
blast-5.jpg,640,425,Blast,20,155,52,202
blast-5.jpg,640,425,Blast,6,63,29,98
blast-6.JPG,300,300,Blast,188,198,284,266
blast-6.JPG,300,300,Blast,182,94,287,197
blast-6.JPG,300,300,Blast,57,1,173,91
blast-7.JPG,300,300,Blast,198,194,287,279
blast-7.JPG,300,300,Blast,23,27,222,151
blast-8.jpg,300,300,Blast,89,65,179,215
blast-8.jpg,300,300,Blast,43,50,97,152
blast-9.jpg,300,300,Blast,83,168,124,272
blast-9.jpg,300,300,Blast,44,82,67,122
blast-9.jpg,300,300,Blast,74,9,104,57
blast-9.jpg,300,300,Blast,134,238,163,275
blast-9.jpg,300,300,Blast,123,114,161,145
blast-9.jpg,300,300,Blast,131,4,157,38
blast-9.jpg,300,300,Blast,200,115,248,169
blast-9.jpg,300,300,Blast,201,1,233,44
blast-9.jpg,300,300,Blast,260,35,300,239
blast-9.jpg,300,300,Blast,220,252,243,297
blast_1.jpg,533,800,Blast,168,519,278,797
blast_1.jpg,533,800,Blast,140,58,367,547
Blast_10.jpg,2048,1536,Bacterial Leaf Blight,22,645,1727,861
Blast_10.jpg,2048,1536,Bacterial Leaf Blight,848,140,1911,521
Blast_10.jpg,2048,1536,Bacterial Leaf Blight,278,396,1032,689
Blast_11.jpg,2048,1536,Bacterial Leaf Blight,55,640,1729,903
Blast_11.jpg,2048,1536,Bacterial Leaf Blight,836,126,1927,489
Blast_11.jpg,2048,1536,Bacterial Leaf Blight,1,369,832,624
Blast_14.jpg,540,720,Blast,149,400,226,544
Blast_14.jpg,540,720,Paddy Stemborer,146,1,242,349
Blast_15.jpg,540,720,Blast,73,431,228,573
Blast_15.jpg,540,720,Paddy Stemborer,60,1,223,415
blast_2.jpg,1500,750,Blast,788,9,1070,682
blast_2.jpg,1500,750,Blast,507,1,809,743
Blast_3.jpg,594,445,Blast,305,273,355,389
Blast_3.jpg,594,445,Blast,300,161,342,251
Blast_3.jpg,594,445,Blast,342,57,406,272
Blast_3.jpg,594,445,Blast,150,259,195,302
Blast_4.jpg,720,540,Bacterial Leaf Blight,240,1,392,165
Blast_9.jpg,244,215,Blast,33,1,114,206
Blast_9.jpg,244,215,Blast,108,1,153,210
Blast_9.jpg,244,215,Blast,169,1,224,211
BLB_1.JPG,3081,897,Bacterial Leaf Blight,1,423,1141,580
BLB_1.JPG,3081,897,Bacterial Leaf Blight,1829,320,2569,470
BLB_2.JPG,3081,897,Bacterial Leaf Blight,1685,517,2194,639
BLB_2.JPG,3081,897,Bacterial Leaf Blight,26,314,1426,708
BLB_2.JPG,3081,897,Bacterial Leaf Blight,1494,123,3029,530
BPLH_1.jpg,299,168,Brown Plant Leafhopper,219,1,271,158
BPLH_1.jpg,299,168,Brown Plant Leafhopper,94,1,125,60
BPLH_2.jpg,182,277,Brown Plant Leafhopper,11,28,161,239
BPLH_3.jpg,247,204,Brown Plant Leafhopper,90,1,215,195
brownspot_orig_008.png,300,300,Brown Spot,176,143,228,198
brownspot_orig_008.png,300,300,Brown Spot,51,37,99,84
brownspot_orig_092.jpg,300,300,Brown Spot,121,93,198,186
brownspot_orig_093.jpg,300,300,Brown Spot,183,109,280,181
brownspot_orig_094.jpg,300,300,Brown Spot,37,67,116,215
brownspot_orig_095.jpg,300,300,Brown Spot,23,143,108,278
brownspot_orig_095.jpg,300,300,Brown Spot,25,43,226,183
brownspot_orig_095.jpg,300,300,Brown Spot,118,62,213,295
brownspot_orig_095.jpg,300,300,Brown Spot,171,4,253,175
brownspot_orig_095.jpg,300,300,Brown Spot,255,2,286,117
brownspot_orig_096.jpg,300,300,Brown Spot,117,1,220,292
brownspot_orig_097.jpg,300,300,Brown Spot,43,14,242,213
brownspot_orig_097.jpg,300,300,Brown Spot,104,171,241,263
brownspot_orig_098.jpg,300,300,Brown Spot,10,5,189,84
brownspot_orig_098.jpg,300,300,Brown Spot,71,86,263,203
brownspot_orig_098.jpg,300,300,Brown Spot,122,202,291,296
brownspot_orig_098.jpg,300,300,Brown Spot,4,136,48,236
brownspot_orig_099.jpg,300,300,Brown Spot,8,41,162,287
brownspot_orig_099.jpg,300,300,Brown Spot,79,1,281,289
brownspot_orig_100.jpg,300,300,Brown Spot,75,160,148,276
brownspot_orig_100.jpg,300,300,Brown Spot,40,19,234,146
brownspot_orig_100.jpg,300,300,Brown Spot,2,213,183,294
brownspot_orig_100.jpg,300,300,Brown Spot,214,62,293,120
Brown_plant_8.jpg,360,480,Brown Plant Leafhopper,17,127,115,302
Brown_plant_8.jpg,360,480,Bacterial Leaf Blight,166,46,222,395
Brown_plant_9.jpg,810,1080,Brown Plant Leafhopper,239,284,493,672
Brown_plant_9.jpg,810,1080,Brown Plant Leafhopper,560,402,810,603
brown_plant_leaf_1.JPG,540,720,Brown Plant Leafhopper,160,72,473,462
brown_plant_leaf_1.JPG,540,720,Brown Plant Leafhopper,33,450,438,682
brown_plant_leaf_1.JPG,540,720,Brown Plant Leafhopper,1,103,122,366
brown_plant_leaf_10.JPG,4160,3120,Brown Plant Leafhopper,605,550,2963,2735
brown_plant_leaf_10.JPG,4160,3120,Brown Plant Leafhopper,2448,59,3920,1745
brown_plant_leaf_11.JPG,4160,3120,Brown Plant Leafhopper,496,497,2167,2707
brown_plant_leaf_11.JPG,4160,3120,Brown Plant Leafhopper,2303,1,3563,1993
brown_plant_leaf_12.JPG,4160,3120,Brown Plant Leafhopper,239,583,1577,2788
brown_plant_leaf_12.JPG,4160,3120,Brown Plant Leafhopper,1857,414,3666,2759
brown_plant_leaf_13.JPG,4160,3120,Brown Plant Leafhopper,67,131,977,2583
brown_plant_leaf_13.JPG,4160,3120,Brown Plant Leafhopper,1886,712,3586,2345
brown_plant_leaf_13.JPG,4160,3120,Brown Plant Leafhopper,2277,69,3896,1345
brown_plant_leaf_14.JPG,810,1080,Brown Plant Leafhopper,129,435,632,568
brown_plant_leaf_15.JPG,1080,810,Brown Plant Leafhopper,189,110,499,277
brown_plant_leaf_16.JPG,810,1080,Brown Plant Leafhopper,196,333,643,646
brown_plant_leaf_16.JPG,810,1080,Brown Plant Leafhopper,1,329,183,502
brown_plant_leaf_16.JPG,810,1080,Brown Plant Leafhopper,345,753,668,1005
brown_plant_leaf_17.JPG,810,1080,Brown Plant Leafhopper,21,705,516,994
brown_plant_leaf_17.JPG,810,1080,Brown Plant Leafhopper,282,445,808,598
brown_plant_leaf_17.JPG,810,1080,Brown Plant Leafhopper,471,631,799,1035
brown_plant_leaf_18.JPG,360,480,Brown Plant Leafhopper,102,302,210,397
brown_plant_leaf_18.JPG,360,480,Bacterial Leaf Blight,153,46,244,383
brown_plant_leaf_2.JPG,540,720,Brown Plant Leafhopper,198,1,514,503
brown_plant_leaf_3.JPG,540,720,Brown Plant Leafhopper,271,101,506,395
brown_plant_leaf_3.JPG,540,720,Brown Plant Leafhopper,10,16,175,455
brown_plant_leaf_3.JPG,540,720,Brown Plant Leafhopper,291,409,540,582
brown_plant_leaf_4.JPG,540,720,Brown Plant Leafhopper,381,111,540,387
brown_plant_leaf_5.JPG,1080,810,Brown Plant Leafhopper,531,479,790,678
brown_plant_leaf_5.JPG,1080,810,Brown Plant Leafhopper,11,127,185,260
brown_plant_leaf_5.JPG,1080,810,Brown Plant Leafhopper,1010,273,1080,513
brown_plant_leaf_6.JPG,1032,581,Brown Plant Leafhopper,59,219,307,428
brown_plant_leaf_6.JPG,1032,581,Brown Plant Leafhopper,332,161,602,393
brown_plant_leaf_6.JPG,1032,581,Brown Plant Leafhopper,632,188,916,369
brown_plant_leaf_6.JPG,1032,581,Brown Plant Leafhopper,589,74,945,166
brown_plant_leaf_7.JPG,4128,2322,Brown Plant Leafhopper,1274,1102,3545,1406
brown_plant_leaf_7.JPG,4128,2322,Brown Plant Leafhopper,1249,614,2753,848
brown_plant_leaf_7.JPG,4128,2322,Brown Plant Leafhopper,2895,1602,3812,2164
brown_plant_leaf_7.JPG,4128,2322,Brown Plant Leafhopper,2508,135,3016,460
brown_plant_leaf_8.JPG,581,1032,Brown Plant Leafhopper,28,186,548,881
brown_plant_leaf_9.JPG,1032,581,Brown Plant Leafhopper,154,296,764,438
brown_plant_leaf_9.JPG,1032,581,Brown Plant Leafhopper,831,297,959,391
Brown_Spot_10.jpg,720,540,Brown Spot,383,122,443,332
Brown_Spot_11.jpg,1080,810,Brown Spot,619,155,681,559
Brown_Spot_12.jpg,810,1080,Brown Spot,320,410,402,528
Brown_Spot_12.jpg,810,1080,Brown Spot,308,274,356,382
Brown_Spot_12.jpg,810,1080,Brown Spot,273,717,465,799
Brown_Spot_12.jpg,810,1080,Brown Spot,50,733,319,762
Brown_Spot_12.jpg,810,1080,Brown Spot,91,547,317,642
Brown_Spot_12.jpg,810,1080,Brown Spot,537,362,645,508
Brown_Spot_12.jpg,810,1080,Brown Spot,580,554,730,647
Brown_Spot_12.jpg,810,1080,Brown Spot,437,533,533,694
Brown_Spot_12.jpg,810,1080,Brown Spot,194,57,230,244
Brown_Spot_12.jpg,810,1080,Brown Spot,160,4,193,167
Brown_Spot_12.jpg,810,1080,Brown Spot,670,594,802,705
Brown_Spot_12.jpg,810,1080,Brown Spot,586,804,702,882
Brown_Spot_12.jpg,810,1080,Brown Spot,417,104,513,327
Brown_Spot_13.jpg,810,1080,Brown Spot,423,297,465,542
Brown_Spot_14.jpg,540,720,Brown Spot,147,33,198,392
Brown_Spot_14.jpg,540,720,Brown Spot,10,234,70,422
Brown_Spot_14.jpg,540,720,Brown Spot,283,394,336,573
Brown_Spot_14.jpg,540,720,Brown Spot,52,507,101,570
Brown_Spot_15.jpg,540,720,Brown Spot,186,244,267,435
Brown_Spot_16.jpg,3072,4096,Brown Spot,1545,821,1789,4095
Brown_Spot_16.jpg,3072,4096,Paddy Stemborer,1803,2904,1992,3374
Brown_Spot_17.jpg,4000,2250,Brown Spot,2358,1011,2540,1120
Brown_Spot_17.jpg,4000,2250,Brown Spot,1630,1134,1951,1346
Brown_Spot_18.jpg,3120,4160,Brown Spot,1025,1908,1857,2996
Brown_Spot_5.jpg,810,1080,Brown Spot,305,482,390,665
Brown_Spot_5.jpg,810,1080,Brown Spot,368,624,431,764
Brown_Spot_5.jpg,810,1080,Brown Spot,296,704,351,807
Brown_Spot_5.jpg,810,1080,Brown Spot,253,694,282,773
Brown_Spot_5.jpg,810,1080,Brown Spot,440,288,494,411
Brown_Spot_5.jpg,810,1080,Brown Spot,331,94,391,213
Brown_Spot_5.jpg,810,1080,Brown Spot,99,705,188,808
Brown_Spot_5.jpg,810,1080,Brown Spot,190,817,248,876
Brown_Spot_5.jpg,810,1080,Brown Spot,117,821,174,879
Brown_Spot_5.jpg,810,1080,Brown Spot,185,256,210,393
Brown_Spot_5.jpg,810,1080,Brown Spot,65,245,114,424
Brown_Spot_5.jpg,810,1080,Brown Spot,393,262,463,397
Brown_Spot_5.jpg,810,1080,Brown Spot,171,187,196,270
Brown_Spot_5.jpg,810,1080,Brown Spot,31,105,68,227
Brown_Spot_6.jpg,810,1080,Brown Spot,257,505,310,607
Brown_Spot_7.jpg,810,1080,Brown Spot,219,414,299,1073
Brown_Spot_7.jpg,810,1080,Brown Spot,391,667,440,874
Brown_Spot_7.jpg,810,1080,Brown Spot,322,481,386,645
Brown_Spot_7.jpg,810,1080,Brown Spot,393,101,485,339
Brown_Spot_7.jpg,810,1080,Brown Spot,539,570,594,651
Brown_Spot_8.jpg,540,720,Brown Spot,125,176,178,259
Brown_Spot_8.jpg,540,720,Brown Spot,76,224,119,318
Brown_Spot_9.jpg,810,1080,Brown Spot,271,184,399,573
bs_1.jpg,598,519,Brown Spot,105,21,190,461
bs_1.jpg,598,519,Brown Spot,220,207,348,510
bs_1.jpg,598,519,Brown Spot,343,340,458,505
bs_1.jpg,598,519,Brown Spot,463,165,598,310
bs_1.jpg,598,519,Brown Spot,297,1,404,245
false_1.jpg,640,488,False Smut,263,84,394,150
false_1.jpg,640,488,False Smut,223,196,316,334
false_1.jpg,640,488,False Smut,72,145,170,236
false_10.jpg,216,233,False Smut,20,45,52,87
false_10.jpg,216,233,False Smut,74,29,123,65
false_10.jpg,216,233,False Smut,104,11,149,85
false_11.jpg,259,194,False Smut,107,68,128,83
false_11.jpg,259,194,False Smut,141,57,161,78
false_11.jpg,259,194,False Smut,199,178,214,193
false_11.jpg,259,194,False Smut,140,113,167,153
false_11.jpg,259,194,False Smut,182,151,206,163
false_12.jpg,220,220,False Smut,44,148,79,181
false_12.jpg,220,220,False Smut,111,49,140,81
false_13.jpg,200,200,False Smut,97,74,135,118
false_14.jpg,197,255,False Smut,76,72,153,120
false_14.jpg,197,255,False Smut,85,198,123,239
false_14.jpg,197,255,False Smut,32,35,137,78
false_14.jpg,197,255,False Smut,157,118,188,154
false_14.jpg,197,255,False Smut,132,125,156,140
false_14.jpg,197,255,False Smut,95,153,124,180
false_14.jpg,197,255,False Smut,67,147,96,166
false_14.jpg,197,255,False Smut,49,132,59,145
false_14.jpg,197,255,False Smut,42,89,58,104
false_14.jpg,197,255,False Smut,172,90,192,117
false_14.jpg,197,255,False Smut,55,20,73,33
false_15.jpg,255,198,False Smut,125,60,141,75
false_15.jpg,255,198,False Smut,132,150,151,175
false_15.jpg,255,198,False Smut,120,98,131,113
false_16.jpg,276,183,False Smut,169,106,198,133
false_16.jpg,276,183,False Smut,101,44,132,75
false_16.jpg,276,183,False Smut,80,62,117,88
false_16.jpg,276,183,False Smut,64,84,98,111
false_16.jpg,276,183,False Smut,214,26,231,53
false_16.jpg,276,183,False Smut,162,38,177,67
false_17.jpg,259,194,False Smut,96,76,135,106
false_17.jpg,259,194,False Smut,81,67,106,85
false_18.jpg,301,167,False Smut,80,3,161,53
false_18.jpg,301,167,False Smut,111,69,164,128
false_19.jpg,259,194,False Smut,177,79,211,127
false_19.jpg,259,194,False Smut,193,21,233,46
false_19.jpg,259,194,False Smut,131,57,164,79
false_19.jpg,259,194,False Smut,103,91,160,119
false_19.jpg,259,194,False Smut,50,50,77,66
false_2.jpg,640,466,False Smut,148,269,315,449
false_2.jpg,640,466,False Smut,281,34,432,165
false_2.jpg,640,466,False Smut,286,139,443,292
false_20.jpg,225,225,False Smut,140,105,172,135
false_20.jpg,225,225,False Smut,115,103,137,128
false_3.jpg,275,184,False Smut,110,63,159,126
false_3.jpg,275,184,False Smut,132,15,180,55
false_4.jpg,259,194,False Smut,84,53,168,115
false_5.jpg,203,248,False Smut,33,103,73,159
false_5.jpg,203,248,False Smut,81,121,148,189
false_6.jpg,275,184,False Smut,75,58,130,120
false_6.jpg,275,184,False Smut,141,51,188,128
false_7.jpg,263,191,False Smut,46,93,143,183
false_7.jpg,263,191,False Smut,111,22,184,114
false_8.jpg,259,194,False Smut,114,89,141,111
false_8.jpg,259,194,False Smut,142,51,171,102
false_8.jpg,259,194,False Smut,80,88,104,104
false_8.jpg,259,194,False Smut,154,118,180,147
false_8.jpg,259,194,False Smut,162,97,185,111
false_9.jpg,275,184,False Smut,50,50,97,85
false_9.jpg,275,184,False Smut,27,95,95,147
false_9.jpg,275,184,False Smut,80,74,131,114
False_Smut_2.jpg,810,1080,Brown Spot,645,366,703,426
False_Smut_3.jpg,1080,810,Brown Spot,14,591,142,718
False_Smut_4.jpg,720,1280,False Smut,272,584,435,766
False_Smut_4.jpg,720,1280,Brown Spot,258,232,305,314
False_Smut_5.jpg,720,1280,False Smut,361,741,521,979
False_Smut_5.jpg,720,1280,False Smut,271,888,387,927
False_Smut_6.jpg,720,1280,False Smut,472,468,720,731
False_Smut_6.jpg,720,1280,False Smut,349,520,469,626
False_Smut_6.jpg,720,1280,False Smut,361,967,516,1121
False_Smut_6.jpg,720,1280,False Smut,258,623,372,772
leaf_folder_63.JPG,405,540,Leaf Folder,175,159,245,398
leaf_folder_64.JPG,405,540,Leaf Folder,36,168,320,363
leaf_folder_65.JPG,405,540,Leaf Folder,149,135,190,382
leaf_folder_66.JPG,405,540,Leaf Folder,197,168,329,396
leaf_folder_67.JPG,405,540,Leaf Folder,117,97,181,489
leaf_folder_68.JPG,405,540,Leaf Folder,121,104,292,509
leaf_folder_69.JPG,810,1080,Leaf Folder,76,561,488,666
leaf_folder_69.JPG,810,1080,Leaf Folder,186,41,461,263
leaf_folder_69.JPG,810,1080,Leaf Folder,512,22,639,259
leaf_folder_69.JPG,810,1080,Leaf Folder,537,359,662,435
leaf_folder_70.JPG,810,1080,Leaf Folder,439,527,730,740
leaf_folder_70.JPG,810,1080,Leaf Folder,34,484,393,730
leaf_folder_70.JPG,810,1080,Leaf Folder,1,79,325,484
leaf_folder_70.JPG,810,1080,Leaf Folder,442,46,601,266
leaf_folder_70.JPG,810,1080,Leaf Folder,330,736,558,1013
leaf_folder_71.JPG,810,1080,Leaf Folder,179,150,255,466
leaf_folder_71.JPG,810,1080,Leaf Folder,6,81,373,349
leaf_folder_71.JPG,810,1080,Leaf Folder,284,172,666,302
leaf_folder_71.JPG,810,1080,Leaf Folder,68,489,509,689
leaf_folder_72.JPG,810,1080,Leaf Folder,1,262,311,474
leaf_folder_72.JPG,810,1080,Leaf Folder,329,639,682,757
leaf_folder_72.JPG,810,1080,Leaf Folder,331,49,572,345
leaf_folder_73.JPG,810,1080,Leaf Folder,247,227,429,717
leaf_folder_73.JPG,810,1080,Leaf Folder,394,769,573,879
leaf_folder_73.JPG,810,1080,Leaf Folder,476,31,698,341
leaf_folder_73.JPG,810,1080,Leaf Folder,696,28,776,181
leaf_folder_74.JPG,810,1080,Leaf Folder,270,199,440,763
leaf_folder_74.JPG,810,1080,Leaf Folder,642,66,776,358
leaf_folder_74.JPG,810,1080,Leaf Folder,437,830,681,928
leaf_folder_75.JPG,810,1080,Leaf Folder,250,125,560,841
leaf_folder_75.JPG,810,1080,Leaf Folder,1,199,193,508
leaf_folder_75.JPG,810,1080,Leaf Folder,710,585,810,904
leaf_folder_75.JPG,810,1080,Leaf Folder,545,697,781,769
leaf_folder_76.JPG,810,1080,Leaf Folder,324,131,475,912
leaf_folder_76.JPG,810,1080,Leaf Folder,81,258,307,543
leaf_folder_76.JPG,810,1080,Leaf Folder,1,546,353,849
leaf_folder_76.JPG,810,1080,Leaf Folder,512,276,643,518
leaf_folder_76.JPG,810,1080,Leaf Folder,1,885,343,1030
leaf_folder_76.JPG,810,1080,Leaf Folder,642,707,807,922
leaf_folder_77.JPG,405,540,Leaf Folder,18,228,64,378
leaf_folder_77.JPG,405,540,Leaf Folder,200,132,229,210
leaf_folder_78.JPG,405,540,Leaf Folder,203,71,229,189
leaf_folder_79.JPG,360,480,Leaf Folder,154,141,215,385
leaf_folder_80.JPG,360,480,Leaf Folder,172,22,237,294
leaf_folder_80.JPG,360,480,Leaf Folder,18,352,335,467
leaf_folder_81.JPG,360,480,Leaf Folder,223,1,266,385
leaf_folder_81.JPG,360,480,Leaf Folder,102,80,161,245
leaf_folder_82.JPG,810,1080,Leaf Folder,381,351,476,525
leaf_folder_83.JPG,720,960,Leaf Folder,101,568,422,947
leaf_folder_84.JPG,720,960,Leaf Folder,65,265,578,814
leaf_folder_85.JPG,2448,3264,Leaf Folder,866,232,1776,2372
leaf_folder_85.JPG,2448,3264,Leaf Folder,1,996,856,2082
leaf_folder_85.JPG,2448,3264,Leaf Folder,1321,1273,2448,2522
leaf_folder_86.JPG,2448,3264,Leaf Folder,1,174,876,1942
leaf_folder_86.JPG,2448,3264,Leaf Folder,856,1062,1806,2397
leaf_folder_86.JPG,2448,3264,Leaf Folder,1171,2088,2448,2612
leaf_folder_87.JPG,2448,3264,Leaf Folder,786,1202,1636,2462
leaf_folder_87.JPG,2448,3264,Leaf Folder,1406,2023,2448,2542
leaf_folder_87.JPG,2448,3264,Leaf Folder,1,247,1006,1807
leaf_folder_88.JPG,360,480,Leaf Folder,9,198,359,240
leaf_folder_89.JPG,2560,1920,Leaf Folder,1,954,1548,1110
leaf_folder_89.JPG,2560,1920,Leaf Folder,1928,1174,2528,1404
leaf_folder_90.JPG,2448,3264,Leaf Folder,1251,687,1691,1762
leaf_folder_90.JPG,2448,3264,Leaf Folder,1581,22,2231,772
leaf_folder_91.JPG,2448,3264,Leaf Folder,576,1042,1601,2072
leaf_folder_92.JPG,2448,3264,Leaf Folder,141,27,1791,1972
paddy_stemborer_40.JPG,720,960,Paddy Stemborer,227,1,356,708
paddy_stemborer_40.JPG,720,960,Paddy Stemborer,362,298,492,554
paddy_stemborer_40.JPG,720,960,Paddy Stemborer,456,1,516,235
paddy_stemborer_40.JPG,720,960,Paddy Stemborer,520,1,667,223
paddy_stemborer_41.JPG,1280,960,Paddy Stemborer,1,432,177,634
paddy_stemborer_41.JPG,1280,960,Paddy Stemborer,807,434,1146,602
paddy_stemborer_41.JPG,1280,960,Paddy Stemborer,628,123,855,245
paddy_stemborer_41.JPG,1280,960,Paddy Stemborer,925,721,1148,957
paddy_stemborer_41.JPG,1280,960,Paddy Stemborer,487,61,546,150
Paddy_Stemborer_42.jpg,540,720,Paddy Stemborer,253,1,295,321
Paddy_Stemborer_43.jpg,540,720,Paddy Stemborer,119,255,296,499
Paddy_Stemborer_44.jpg,540,720,Paddy Stemborer,105,157,236,473
Paddy_Stemborer_45.jpg,540,720,Paddy Stemborer,139,297,189,632
Paddy_Stemborer_46.jpg,405,540,Paddy Stemborer,150,122,180,330
Paddy_Stemborer_46.jpg,405,540,Paddy Stemborer,317,103,401,190
Paddy_Stemborer_47.jpg,405,540,Paddy Stemborer,160,67,193,206
Paddy_Stemborer_47.jpg,405,540,Paddy Stemborer,269,101,390,194
Paddy_Stemborer_48.jpg,405,540,Paddy Stemborer,99,204,331,516
Paddy_Stemborer_48.jpg,405,540,Paddy Stemborer,23,141,89,236
Paddy_Stemborer_49.jpg,1032,774,Paddy Stemborer,573,336,664,534
Paddy_Stemborer_50.jpg,1032,774,Paddy Stemborer,553,353,668,526
Paddy_Stemborer_51.jpg,540,720,Paddy Stemborer,112,176,345,466
Paddy_Stemborer_52.jpg,540,720,Paddy Stemborer,184,18,255,346
Paddy_Stemborer_53.jpg,810,1080,Paddy Stemborer,265,350,403,717
Paddy_Stemborer_53.jpg,810,1080,Paddy Stemborer,345,393,556,444
Paddy_Stemborer_54.jpg,810,1080,Paddy Stemborer,1,457,614,704
Paddy_Stemborer_55.jpg,810,1080,Paddy Stemborer,325,73,706,637
Paddy_Stemborer_56.jpg,540,720,Paddy Stemborer,242,37,309,321
Paddy_Stemborer_56.jpg,540,720,Paddy Stemborer,39,10,274,99
Paddy_Stemborer_57.jpg,540,720,Paddy Stemborer,3,350,509,418
Paddy_Stemborer_58.jpg,540,720,Paddy Stemborer,208,42,316,661
Paddy_Stemborer_59.jpg,405,540,Paddy Stemborer,217,81,313,286
Paddy_Stemborer_60.jpg,540,720,Paddy Stemborer,196,378,444,464
Paddy_Stemborer_60.jpg,540,720,Paddy Stemborer,321,153,471,253
Paddy_Stemborer_60.jpg,540,720,Paddy Stemborer,172,135,210,338
Paddy_Stemborer_61.jpg,540,720,Paddy Stemborer,264,357,361,407
Paddy_Stemborer_61.jpg,540,720,Paddy Stemborer,263,282,347,322
Paddy_Stemborer_62.jpg,540,720,Paddy Stemborer,383,263,522,390
Paddy_Stemborer_63.jpg,540,720,Paddy Stemborer,91,209,347,424
Paddy_Stemborer_64.jpg,540,720,Paddy Stemborer,355,197,470,719
Paddy_Stemborer_64.jpg,540,720,Paddy Stemborer,91,264,177,617
Paddy_Stemborer_65.jpg,540,720,Paddy Stemborer,181,223,211,331
Paddy_Stemborer_66.jpg,810,1080,Paddy Stemborer,692,1,745,214
Paddy_Stemborer_66.jpg,810,1080,Paddy Stemborer,90,476,450,670
Paddy_Stemborer_67.jpg,810,1080,Paddy Stemborer,242,414,500,777
Paddy_Stemborer_68.jpg,540,720,Paddy Stemborer,238,297,329,498
Paddy_Stemborer_69.jpg,810,1080,Paddy Stemborer,283,268,463,631
Thrips_10.jpg,4000,2250,Thrips,15,566,915,774
Thrips_10.jpg,4000,2250,Thrips,536,61,1467,609
Thrips_10.jpg,4000,2250,Thrips,736,1757,1732,2213
Thrips_10.jpg,4000,2250,Thrips,2532,748,3154,1039
Thrips_10.jpg,4000,2250,Thrips,819,1174,2276,1666
Thrips_11.jpg,4000,2250,Thrips,1358,287,2841,561
Thrips_11.jpg,4000,2250,Thrips,28,735,1623,979
Thrips_11.jpg,4000,2250,Thrips,254,66,923,305
Thrips_11.jpg,4000,2250,Thrips,1089,1587,2328,2205
Thrips_11.jpg,4000,2250,Thrips,2540,1605,3176,2250
Thrips_11.jpg,4000,2250,Thrips,2876,257,3497,718
Thrips_12.jpg,4000,2250,Thrips,1020,1635,1767,2250
Thrips_12.jpg,4000,2250,Thrips,1429,1787,1876,2250
Thrips_12.jpg,4000,2250,Thrips,697,1466,1258,1739
Thrips_12.jpg,4000,2250,Thrips,1,1335,1058,1485
Thrips_12.jpg,4000,2250,Thrips,6,996,497,1209
Thrips_12.jpg,4000,2250,Thrips,1241,48,2002,470
Thrips_13.jpg,540,720,Thrips,256,1,322,264
Thrips_13.jpg,540,720,Thrips,397,561,517,601
Thrips_13.jpg,540,720,Thrips,477,527,540,559
Thrips_13.jpg,540,720,Thrips,419,190,490,367
Thrips_14.jpg,540,720,Thrips,309,1,355,166
Thrips_15.jpg,4000,2250,Thrips,2358,26,2723,313
Thrips_15.jpg,4000,2250,Thrips,80,739,1828,1035
Thrips_15.jpg,4000,2250,Thrips,1162,1805,2062,2231
Thrips_15.jpg,4000,2250,Thrips,1780,1435,2658,1879
Thrips_15.jpg,4000,2250,Thrips,2523,1726,3028,2213
Thrips_15.jpg,4000,2250,Thrips,871,909,1710,1392
Thrips_15.jpg,4000,2250,Thrips,1384,274,2641,522
Thrips_16.jpg,4000,2250,Thrips,1219,9,2171,557
Thrips_16.jpg,4000,2250,Thrips,1371,1705,2197,2213
Thrips_16.jpg,4000,2250,Thrips,236,796,1345,961
Thrips_16.jpg,4000,2250,Thrips,15,1296,1115,1496
Thrips_16.jpg,4000,2250,Thrips,754,866,1632,1118
Thrips_16.jpg,4000,2250,Thrips,2202,1,2784,561
Thrips_16.jpg,4000,2250,Thrips,2649,426,3367,653
Thrips_16.jpg,4000,2250,Thrips,3402,92,3976,366
Thrips_16.jpg,4000,2250,Thrips,1,1480,480,1692
Thrips_17.jpg,810,1080,Thrips,331,357,425,528
Thrips_17.jpg,810,1080,Thrips,560,301,637,454
Thrips_17.jpg,810,1080,Thrips,1,139,145,368
Thrips_17.jpg,810,1080,Thrips,442,134,505,242
Thrips_17.jpg,810,1080,Thrips,325,791,423,885
Thrips_18.jpg,810,1080,Thrips,371,1,458,501
Thrips_18.jpg,810,1080,Thrips,522,761,666,861
Thrips_18.jpg,810,1080,Thrips,211,642,250,784
Thrips_18.jpg,810,1080,Thrips,93,954,446,1070
Thrips_19.jpg,810,1080,Thrips,65,979,611,1061
Thrips_19.jpg,810,1080,Thrips,243,694,425,819
Thrips_20.jpg,720,540,Thrips,399,127,437,278
Thrips_20.jpg,720,540,Thrips,453,227,496,311
Thrips_21.jpg,810,1080,Thrips,743,533,808,771
Thrips_21.jpg,810,1080,Thrips,228,454,382,565
Thrips_21.jpg,810,1080,Thrips,203,919,443,1074
Thrips_23.jpg,720,540,Thrips,116,200,213,304
Thrips_23.jpg,720,540,Thrips,322,295,396,410
Thrips_23.jpg,720,540,Thrips,588,111,615,177
Thrips_23.jpg,720,540,Thrips,652,294,705,374
Thrips_23.jpg,720,540,Thrips,109,315,209,400
Thrips_24.jpg,1036,492,Thrips,126,446,486,487
Thrips_24.jpg,1036,492,Thrips,307,241,440,293
Thrips_24.jpg,1036,492,Thrips,599,117,662,240
Thrips_9.jpg,1080,810,Thrips,967,552,1071,679
Thrips_9.jpg,1080,810,Thrips,402,481,551,520
Thrips_9.jpg,1080,810,Thrips,261,552,470,583
Thrips_9.jpg,1080,810,Thrips,2,398,46,499
thrip_1.JPG,3456,4608,Thrips,2331,1393,2565,1893
thrip_1.JPG,3456,4608,Thrips,2691,893,3391,1760
thrip_1.JPG,3456,4608,Thrips,1330,1460,1757,1807
thrip_1.JPG,3456,4608,Thrips,890,1333,1110,1900
thrip_10.JPG,2160,3840,Thrips,925,779,1269,929
thrip_10.JPG,2160,3840,Thrips,1198,495,1432,542
thrip_10.JPG,2160,3840,Brown Spot,1230,1482,1525,1668
thrip_10.JPG,2160,3840,Thrips,651,124,925,221
thrip_11.JPG,4000,2250,Thrips,402,174,1945,387
thrip_11.JPG,4000,2250,Thrips,1197,770,2554,892
thrip_11.JPG,4000,2250,Thrips,467,887,1380,1374
thrip_11.JPG,4000,2250,Thrips,1115,1318,1976,1892
thrip_12.JPG,2448,3264,Thrips,955,1053,1535,2610
thrip_12.JPG,2448,3264,Thrips,1288,39,1907,1091
thrip_12.JPG,2448,3264,Thrips,1831,249,2448,687
thrip_13.JPG,3264,2448,Thrips,955,1,1334,1604
thrip_13.JPG,3264,2448,Thrips,2434,768,2759,1200
thrip_2.JPG,3456,4608,Thrips,1964,3280,2438,3693
thrip_2.JPG,3456,4608,Thrips,1144,1373,1457,2180
thrip_2.JPG,3456,4608,Thrips,550,2313,817,2667
thrip_3.JPG,3456,4608,Thrips,2471,3307,3431,3533
thrip_3.JPG,3456,4608,Thrips,1303,2106,1617,2833
thrip_3.JPG,3456,4608,Thrips,2505,3793,3065,3960
thrip_4.JPG,810,1080,Thrips,243,649,301,746
thrip_5.JPG,810,1080,Thrips,651,225,735,306
thrip_5.JPG,810,1080,Thrips,649,441,715,524
thrip_5.JPG,810,1080,Thrips,399,496,485,573
thrip_5.JPG,810,1080,Thrips,464,277,515,381
thrip_5.JPG,810,1080,Thrips,245,292,336,351
thrip_6.JPG,810,1080,Thrips,133,348,299,541
thrip_6.JPG,810,1080,Thrips,296,590,445,773
thrip_7.JPG,1280,960,Thrips,617,531,736,695
thrip_7.JPG,1280,960,Thrips,220,350,309,424
thrip_7.JPG,1280,960,Thrips,239,691,324,788
thrip_7.JPG,1280,960,Thrips,711,349,805,413
thrip_7.JPG,1280,960,Thrips,722,347,803,424
thrip_7.JPG,1280,960,Thrips,1165,358,1224,497
thrip_8.JPG,1280,960,Thrips,569,398,665,775
thrip_8.JPG,1280,960,Thrips,252,617,373,782
thrip_9.JPG,1280,960,Thrips,620,536,737,684
thrip_9.JPG,1280,960,Thrips,250,691,333,790
thrip_9.JPG,1280,960,Thrips,207,334,322,450
thrip_9.JPG,1280,960,Thrips,687,339,820,453
thrip_9.JPG,1280,960,Thrips,1150,382,1232,484
thrip_9.JPG,1280,960,Thrips,1028,357,1121,435
